event_date	user_id	contact_fio	contact_phone	address
2020-05-07 15:21:45	mp2920493810	Иванов В.Г.	+79297483321	г. Москва, ул. Маршала Жукова, д. 7, офис 12
2020-05-12 16:01:23	mp2920493810	Иванов В.Г.	+79297483321	г. Москва, ул. Маршала Жукова, д. 7, офис 12
2020-06-01 22:39:18	mp2920493810	Иванова Д.Е.	+79297483321	г. Москва, Проспект мира, д. 12 кв. 175
2020-05-21 21:48:44	mp5008963170	Киселёв О. О.	+79031559169	г. Москва, Амурская улица, д. 75 кв. 342
2020-05-13 04:01:47	mp9909563817	Козлова А. П.	+79265342445	г. Москва, Басовская улица, д. 25 кв. 206
2020-05-03 14:48:13	mp8362292955	Николаева З. Т.	+79265084100	г. Москва, Улица Барышиха, д. 74 кв. 96
2020-06-01 12:45:20	mp6578168548	Семёнов В. Н.	+79162298233	г. Москва, Алтуфьевское шоссе, д. 24 кв. 135
2020-05-09 13:36:44	mp3205272593	Кузнецов К. Д.	+79161753383	г. Москва, 2-я Бауманская улица, д. 42 кв. 285
2020-05-14 10:26:51	mp2462379221	Фёдорова Г. Б.	+79161079102	г. Москва, Улица Амундсена, д. 28 кв. 26
2020-05-28 21:17:08	mp7424858709	Киселёв Ж. Е.	+79036821044	г. Москва, Аминьевский мост, д. 18 кв. 167
2020-05-10 18:11:48	mp9887814195	Баранов З. Р.	+79038082149	г. Москва, Алма-Атинская улица, д. 77 кв. 80
2020-05-02 09:53:27	mp7365474301	Алексеев Ж. П.	+79169493178	г. Москва, Ставропольская улица, д. 79 кв. 400
2020-06-01 13:13:25	mp1487297634	Новиков Р. О.	+79264272756	г. Москва, Станционная улица (поселок станции Крекшино), д. 99 кв. 45
2020-05-29 01:05:40	mp1195402530	Кузнецова З. П.	+79168546221	г. Москва, Алымов переулок, д. 100 кв. 180
2020-05-22 20:16:28	mp7380822963	Алексеев Б. П.	+79265881690	г. Москва, 2-я Барышевская улица (город Щербинка), д. 50 кв. 32
2020-06-01 08:04:59	mp1227265872	Алексеев М. Ж.	+79162825392	г. Москва, 1-й Амбулаторный проезд, д. 45 кв. 106
2020-05-18 20:54:15	mp1790147211	Зайцев Н. В.	+79268428685	г. Москва, Улица Алябьева, д. 44 кв. 307
2020-05-20 19:05:52	mp5757793063	Соколов Н. Ж.	+79031550480	г. Москва, Улица Амундсена, д. 38 кв. 107
2020-05-15 03:02:40	mp6501660145	Белов Н. Е.	+79037120248	г. Москва, Станционная улица (поселок станции Крекшино), д. 75 кв. 111
2020-05-23 01:55:31	mp7176635307	Комаров Ж. В.	+79036654590	г. Москва, Ставропольский проезд, д. 35 кв. 23
2020-05-07 22:20:00	mp7099615703	Морозова Н. Н.	+79263554231	г. Москва, Барышевская улица (город Щербинка), д. 98 кв. 182
2020-05-13 08:52:28	mp4134848517	Козлова П. Н.	+79166897079	г. Москва, 3-я Барышевская улица (город Щербинка), д. 71 кв. 158
2020-05-16 09:27:54	mp9676517160	Баранов Г. С.	+79039921028	г. Москва, Барышевская улица (город Щербинка), д. 56 кв. 243
2020-05-28 00:29:02	mp3399511661	Алексеев С. Р.	+79263950414	г. Москва, Старая площадь, д. 96 кв. 338
2020-05-29 03:32:17	mp4401339223	Макаров П. И.	+79035028167	г. Москва, 1-я Барышевская улица (город Щербинка), д. 98 кв. 326
2020-05-30 23:02:31	mp5418247584	Новикова И. О.	+79268375966	г. Москва, Станционная улица (поселок станции Крекшино), д. 82 кв. 45
2020-05-11 08:21:06	mp7054075088	Киселёв Е. Д.	+79261794823	г. Москва, Басовская улица, д. 12 кв. 194
2020-05-27 16:11:59	mp5258666261	Кудрявцев А. Ж.	+79039283352	г. Москва, Батайский проезд, д. 45 кв. 350
2020-05-12 22:17:40	mp4401395031	Макаров Л. П.	+79168239578	г. Москва, Ставропольский проезд, д. 68 кв. 446
2020-05-24 13:28:59	mp7846810191	Николаева Е. Ж.	+79038629148	г. Москва, Улица Бахрушина, д. 26 кв. 455
2020-05-22 14:09:39	mp7256683320	Козлов Р. Т.	+79169078356	г. Москва, Басманный переулок, д. 59 кв. 421
2020-05-11 00:40:35	mp4214655874	Комаров Г. С.	+79267916328	г. Москва, Старобитцевская улица, д. 1 кв. 140
2020-05-17 10:50:14	mp9441408476	Тарасов К. Е.	+79164859561	г. Москва, Алёшкинский проезд, д. 34 кв. 333
2020-05-24 20:10:50	mp3137313118	Егорова Н. П.	+79036694650	г. Москва, Станционная улица (поселок станции Крекшино), д. 77 кв. 417
2020-05-02 21:11:25	mp1177991222	Васильев Е. Д.	+79165161511	г. Москва, Аминьевский мост, д. 29 кв. 276
2020-05-09 08:03:53	mp3752377927	Иванова И. Н.	+79161340596	г. Москва, Улица Сретенка, д. 11 кв. 74
2020-05-02 04:50:20	mp3180303990	Попова В. В.	+79268247433	г. Москва, Анадырский проезд, д. 55 кв. 104
2020-05-19 03:05:20	mp3113466995	Богданов Г. Л.	+79169006197	г. Москва, Амурский переулок, д. 37 кв. 246
2020-05-07 22:48:16	mp3135850030	Николаева З. Ж.	+79031674211	г. Москва, Спортивный проезд, д. 17 кв. 60
2020-05-24 10:46:17	mp6896752931	Кузнецов Л. Ж.	+79169600519	г. Москва, 1-й Басманный переулок, д. 45 кв. 452
2020-05-09 17:36:20	mp8745582595	Кузнецова Д. П.	+79038844010	г. Москва, Средний проезд (хутор Брехово), д. 75 кв. 128
2020-05-08 13:06:31	mp2504761707	Виноградов Е. В.	+79037159516	г. Москва, Басманный переулок, д. 5 кв. 395
2020-05-08 01:59:09	mp9165814337	Павлов Д. Е.	+79164423746	г. Москва, Басовская улица, д. 86 кв. 318
2020-05-09 16:07:05	mp4027370006	Попова Л. Л.	+79038480381	г. Москва, Улица Алябьева, д. 23 кв. 70
2020-05-30 16:03:47	mp5172627612	Петрова С. Т.	+79035855365	г. Москва, 2-я Барышевская улица (город Щербинка), д. 10 кв. 303
2020-05-02 08:33:22	mp2304362246	Кудрявцев Л. Т.	+79268833196	г. Москва, Сретенский бульвар, д. 84 кв. 25
2020-05-20 23:48:51	mp7947307146	Белов С. Б.	+79264277178	г. Москва, Спортивная улица (посёлок Внуково), д. 45 кв. 300
2020-05-23 06:19:37	mp5496415829	Алексеев Н. В.	+79169499535	г. Москва, Староалексеевская улица, д. 5 кв. 213
2020-05-15 02:48:50	mp7493450147	Белов В. Н.	+79037299660	г. Москва, Староалексеевская улица, д. 78 кв. 468
2020-05-15 08:24:47	mp3650958402	Белов Р. А.	+79165693430	г. Москва, Спокойная улица (деревня Ожигово), д. 90 кв. 70
2020-05-02 04:22:42	mp3317841901	Куликов О. Р.	+79266204076	г. Москва, Старая Басманная улица, д. 75 кв. 265
2020-05-06 15:48:44	mp2645249666	Тарасов К. М.	+79264210693	г. Москва, Улица Алябьева, д. 31 кв. 146
2020-05-30 00:34:04	mp5274731372	Андреев Ж. И.	+79267500588	г. Москва, Сретенский тупик, д. 88 кв. 122
2020-05-21 18:12:54	mp5744017000	Васильева П. Л.	+79169505490	г. Москва, Амурская улица, д. 3 кв. 205
2020-05-11 20:14:59	mp8136794113	Волкова И. Л.	+79163357113	г. Москва, 1-й Басманный переулок, д. 4 кв. 244
2020-05-02 13:03:37	mp9602188190	Волкова Д. З.	+79168188459	г. Москва, Сретенский переулок, д. 91 кв. 138
2020-05-17 02:03:27	mp3085623832	Николаева Р. Б.	+79168978010	г. Москва, Амурский переулок, д. 6 кв. 148
2020-05-26 23:08:22	mp4425841062	Гусев Б. З.	+79033345955	г. Москва, Алма-Атинская улица, д. 79 кв. 500
2020-05-10 07:06:51	mp7500969695	Волкова И. О.	+79167844398	г. Москва, Алма-Атинская улица, д. 52 кв. 163
2020-05-11 21:36:55	mp4076496712	Яковлев Ж. Н.	+79166857048	г. Москва, Аминьевское шоссе, д. 9 кв. 473
2020-05-31 21:51:30	mp3762193985	Морозова П. С.	+79034444585	г. Москва, Старая Басманная улица, д. 84 кв. 240
2020-05-09 17:29:15	mp6770713192	Егорова Д. М.	+79032834620	г. Москва, Анадырский проезд, д. 27 кв. 192
2020-05-17 00:25:53	mp6526640307	Михайлов В. Г.	+79267506515	г. Москва, Амурский переулок, д. 76 кв. 178
2020-05-02 08:27:45	mp1252737793	Гусев Ж. Ж.	+79035057989	г. Москва, Батайский проезд, д. 76 кв. 79
2020-05-05 04:00:11	mp4086500971	Смирнов Н. О.	+79169874875	г. Москва, Барыковский переулок, д. 23 кв. 65
2020-05-31 03:16:58	mp7820993866	Орлов Б. Е.	+79266396996	г. Москва, Барыковский переулок, д. 52 кв. 112
2020-05-16 12:31:30	mp4733233070	Лебедев Р. Т.	+79034310039	г. Москва, Староалексеевская улица, д. 28 кв. 35
2020-05-11 22:38:08	mp3779107965	Морозова О. И.	+79037750062	г. Москва, Старая Басманная улица, д. 12 кв. 120
2020-05-30 00:38:22	mp3127603956	Смирнов Б. Ж.	+79262159413	г. Москва, Улица Местечко Барыши (город Щербинка), д. 71 кв. 209
2020-05-03 04:35:30	mp1960945490	Кузнецова А. О.	+79038103766	г. Москва, Спортивная улица (дачный поселок Кокошкино), д. 86 кв. 474
2020-05-28 08:17:39	mp8792084351	Соловьёв Р. Ж.	+79166950399	г. Москва, Улица Амундсена, д. 28 кв. 437
2020-05-22 11:45:06	mp9985279960	Фёдорова И. Б.	+79167123966	г. Москва, Барышевская улица (город Щербинка), д. 39 кв. 59
2020-05-08 03:33:00	mp7666482008	Алексеев Л. Л.	+79164027418	г. Москва, Спортивная улица (посёлок Внуково), д. 42 кв. 74
2020-05-04 17:08:28	mp7194983122	Куликов Л. И.	+79268002824	г. Москва, Старая площадь, д. 28 кв. 353
2020-05-15 14:22:40	mp6144650618	Николаева С. Д.	+79164832006	г. Москва, Площадь Сретенские Ворота, д. 60 кв. 51
2020-05-09 18:44:30	mp8799344602	Павлов А. Г.	+79266846797	г. Москва, Спокойная улица (деревня Ожигово), д. 20 кв. 297
2020-05-28 20:14:55	mp1723738286	Богданов Б. К.	+79035065325	г. Москва, 2-я Барышевская улица (город Щербинка), д. 25 кв. 336
2020-05-20 13:38:47	mp6199500044	Алексеев Л. Г.	+79169917247	г. Москва, Алма-Атинская улица, д. 17 кв. 223
2020-05-24 11:32:42	mp3661785472	Ильин И. В.	+79265046685	г. Москва, 1-й Басманный переулок, д. 77 кв. 330
2020-05-16 11:45:35	mp4538722107	Михайлов З. Б.	+79034565337	г. Москва, Бауманская улица, д. 7 кв. 484
2020-05-09 13:15:25	mp9393653712	Михайлова Л. Г.	+79268820545	г. Москва, 2-я Бауманская улица, д. 71 кв. 311
2020-05-21 02:55:59	mp1274824218	Кузнецова К. Г.	+79035646711	г. Москва, Спортивный проезд, д. 23 кв. 483
2020-05-17 23:40:48	mp8400839640	Петров Е. Б.	+79167481424	г. Москва, Спортивная улица (посёлок Внуково), д. 81 кв. 218
2020-05-20 23:08:50	mp2411579637	Ильин Б. О.	+79168508123	г. Москва, Спортивная улица (деревня Крекшино), д. 17 кв. 407
2020-06-01 08:00:03	mp5001364795	Николаева Д. А.	+79038962771	г. Москва, Батайская улица, д. 95 кв. 262
2020-05-20 14:51:12	mp5626756581	Кузнецов Ж. Б.	+79162901522	г. Москва, 1-й Басманный переулок, д. 8 кв. 328
2020-05-09 00:47:57	mp6878442048	Фёдоров Ж. К.	+79037537313	г. Москва, Спортивная улица, д. 28 кв. 86
2020-05-07 10:12:40	mp9308509674	Андреев Д. В.	+79164217467	г. Москва, Алымов переулок, д. 25 кв. 425
2020-05-15 05:01:25	mp9474749219	Николаева Г. Д.	+79163948230	г. Москва, 1-й Басманный переулок, д. 18 кв. 76
2020-05-14 05:25:18	mp9442982730	Смирнов К. И.	+79163654066	г. Москва, Бауманская улица, д. 81 кв. 74
2020-05-07 00:44:56	mp2896343266	Иванова М. М.	+79032225476	г. Москва, Спортивная улица (посёлок Внуково), д. 6 кв. 256
2020-05-02 01:48:11	mp4815833204	Баранов З. К.	+79168556780	г. Москва, Староалексеевская улица, д. 98 кв. 93
2020-05-29 17:09:03	mp5630290814	Попова Г. С.	+79169630595	г. Москва, Батайский проезд, д. 15 кв. 460
2020-05-30 01:34:25	mp1463451949	Алексеев А. К.	+79262171960	г. Москва, Амурская улица, д. 37 кв. 105
2020-05-02 01:23:09	mp7093387783	Михайлова П. Г.	+79038216470	г. Москва, Спортивная улица (город Щербинка), д. 73 кв. 310
2020-05-28 07:18:25	mp9345962131	Павлов К. А.	+79164756451	г. Москва, Алымов переулок, д. 21 кв. 474
2020-05-27 20:57:23	mp6015473341	Богданов Н. Б.	+79167933602	г. Москва, Спортивная улица (город Щербинка), д. 14 кв. 56
2020-05-05 23:33:46	mp8769453225	Белов В. Т.	+79168523123	г. Москва, Аминьевское шоссе, д. 87 кв. 15
2020-05-13 16:47:08	mp5351350979	Волков О. М.	+79267463590	г. Москва, Амурская улица, д. 96 кв. 428
2020-05-23 00:13:00	mp3342111733	Соколов Е. П.	+79262704214	г. Москва, 1-й Амбулаторный проезд, д. 78 кв. 151
2020-05-24 20:01:09	mp8986554861	Макаров Т. Ж.	+79166619687	г. Москва, Сретенский бульвар, д. 77 кв. 487
2020-05-06 08:40:42	mp6495067517	Семёнов К. К.	+79035424628	г. Москва, Станционная улица (поселок станции Крекшино), д. 16 кв. 254
2020-05-20 07:40:27	mp6543297710	Киселёв Г. О.	+79262313526	г. Москва, Средний проезд (хутор Брехово), д. 46 кв. 66
2020-05-11 18:49:25	mp2358401777	Алексеева И. Ж.	+79267130081	г. Москва, Средний проезд (хутор Брехово), д. 11 кв. 273
2020-05-31 10:41:47	mp1748070794	Смирнова А. Б.	+79169573210	г. Москва, Станционная улица (поселок станции Крекшино), д. 14 кв. 252
2020-05-25 23:12:17	mp5853642359	Петров Т. Е.	+79038892512	г. Москва, Стандартная улица, д. 74 кв. 202
2020-05-06 13:44:12	mp9368707424	Кудрявцев В. Б.	+79169271571	г. Москва, Алтайская улица, д. 58 кв. 183
2020-05-30 23:58:06	mp8193060891	Павлов В. Л.	+79166354116	г. Москва, Басовская улица, д. 76 кв. 164
2020-05-15 16:17:17	mp3108754358	Михайлов Р. Б.	+79164854825	г. Москва, Спортивная улица (город Щербинка), д. 74 кв. 440
2020-05-12 00:03:01	mp5098583809	Степанова П. Д.	+79168552804	г. Москва, Спортивный проезд, д. 56 кв. 202
2020-05-05 07:28:47	mp4026597083	Попова Л. Р.	+79167843517	г. Москва, Площадь Сретенские Ворота, д. 21 кв. 448
2020-05-23 19:08:38	mp8571737429	Орлов Т. М.	+79164765806	г. Москва, Алымов переулок, д. 80 кв. 418
2020-05-29 16:55:06	mp9845901420	Михайлова И. Б.	+79168085463	г. Москва, Улица Барышиха, д. 48 кв. 45
2020-05-06 17:14:43	mp5950339845	Соколов З. Т.	+79038471312	г. Москва, Спортивная улица (деревня Верхнее Валуево), д. 4 кв. 316
2020-05-05 22:04:14	mp7205198772	Морозов Г. Р.	+79039736548	г. Москва, Улица Амундсена, д. 30 кв. 373
2020-05-31 03:46:54	mp5074913337	Николаева С. Е.	+79166064331	г. Москва, Ставропольский проезд, д. 24 кв. 42
2020-05-29 09:27:13	mp9689255172	Лебедева О. Н.	+79263133582	г. Москва, Средний проезд (хутор Брехово), д. 89 кв. 124
2020-05-31 06:12:42	mp2031414227	Кузьмин В. Д.	+79036737249	г. Москва, Анадырский проезд, д. 23 кв. 372
2020-05-12 18:10:48	mp6080768138	Кузнецов О. Б.	+79037872146	г. Москва, Улица Бахрушина, д. 55 кв. 29
2020-05-04 14:54:12	mp3122522068	Павлова О. А.	+79031277874	г. Москва, Спортивная улица (деревня Верхнее Валуево), д. 79 кв. 331
2020-05-12 10:47:42	mp2198756744	Макаров З. К.	+79034111249	г. Москва, Сретенский тупик, д. 27 кв. 468
2020-05-04 17:24:51	mp2986855579	Николаева Ж. В.	+79163785255	г. Москва, Анадырский проезд, д. 38 кв. 49
2020-05-03 09:08:21	mp1142299344	Михайлова П. Д.	+79261981286	г. Москва, Батайская улица, д. 34 кв. 449
2020-05-31 22:10:17	mp6626614872	Лебедева Б. З.	+79032277339	г. Москва, Спортивная улица (город Троицк), д. 83 кв. 25
2020-05-15 11:43:07	mp5331038517	Иванов Н. З.	+79162595114	г. Москва, Старая Басманная улица, д. 16 кв. 420
2020-05-16 09:31:50	mp7809310288	Козлова С. С.	+79267775911	г. Москва, Сретенский тупик, д. 15 кв. 337
2020-05-13 16:17:21	mp1880832387	Семёнова М. Н.	+79035650535	г. Москва, Улица Местечко Барыши (город Щербинка), д. 46 кв. 68
2020-05-19 03:28:52	mp2248397379	Попова И. М.	+79265703474	г. Москва, Ставропольский проезд, д. 59 кв. 277
2020-05-31 05:37:01	mp2375303723	Морозов А. И.	+79164070559	г. Москва, Спортивная улица (дачный поселок Кокошкино), д. 84 кв. 291
2020-05-19 12:11:10	mp8214480593	Киселёв Н. Т.	+79038290598	г. Москва, Спортивная улица (дачный поселок Кокошкино), д. 72 кв. 185
2020-05-22 03:59:45	mp7059204289	Семёнов Н. И.	+79267078006	г. Москва, Спортивная улица, д. 45 кв. 278
2020-05-06 11:59:42	mp1251714954	Смирнова И. М.	+79166287172	г. Москва, Батайский проезд, д. 43 кв. 312
2020-06-01 07:59:36	mp9458953724	Егорова С. О.	+79164858215	г. Москва, Амурская улица, д. 76 кв. 375
2020-05-06 02:17:56	mp5779864689	Яковлев Г. Г.	+79161079586	г. Москва, Спортивная улица, д. 74 кв. 321
2020-05-15 12:45:11	mp3314697493	Козлов В. В.	+79037417849	г. Москва, Улица Барышиха, д. 98 кв. 21
2020-05-02 04:13:26	mp1945467174	Иванов З. Ж.	+79266551476	г. Москва, Басманный переулок, д. 17 кв. 53
2020-05-10 16:09:22	mp5943481461	Иванова Н. Ж.	+79266013330	г. Москва, Ставропольская улица, д. 81 кв. 291
2020-05-30 01:22:04	mp4038298025	Иванов Р. Н.	+79032855474	г. Москва, Средний проезд (хутор Брехово), д. 93 кв. 113
2020-05-29 07:06:42	mp9205795026	Козлова В. Е.	+79032414782	г. Москва, Площадь Амилкара Кабрала, д. 85 кв. 31
2020-05-14 20:38:06	mp4926985952	Попов Д. К.	+79167097589	г. Москва, Басманный переулок, д. 96 кв. 436
2020-05-08 07:15:00	mp6753410013	Гусев И. Ж.	+79262922375	г. Москва, Спокойная улица (деревня Ожигово), д. 98 кв. 405
2020-05-28 20:26:47	mp2005122170	Николаева В. В.	+79161990276	г. Москва, Анадырский проезд, д. 31 кв. 277
2020-05-30 08:47:00	mp6596670338	Кузьмин С. Ж.	+79267560777	г. Москва, Станционная улица (поселок станции Крекшино), д. 68 кв. 161
2020-05-16 14:36:38	mp8680876405	Михайлова Е. П.	+79032285137	г. Москва, Ставропольский проезд, д. 42 кв. 475
2020-05-04 10:29:37	mp5751085693	Васильева Л. К.	+79268772520	г. Москва, Станционная улица (поселок станции Крекшино), д. 73 кв. 171
2020-05-23 14:28:00	mp4838993031	Семёнов Р. К.	+79265107823	г. Москва, Ставропольский проезд, д. 93 кв. 275
2020-05-29 08:47:56	mp1144446057	Николаева В. Л.	+79263123477	г. Москва, Алтайская улица, д. 53 кв. 489
2020-05-22 17:45:03	mp5586190686	Лебедев М. Л.	+79266227420	г. Москва, Старобитцевская улица, д. 52 кв. 466
2020-05-19 03:27:25	mp4864807706	Попова К. П.	+79267916258	г. Москва, Батюнинская улица, д. 5 кв. 17
2020-05-18 17:02:14	mp3549776405	Иванова Ж. И.	+79161010575	г. Москва, Спортивная улица (посёлок Внуково), д. 72 кв. 21
2020-05-18 10:33:14	mp8378576310	Степанов О. П.	+79166042389	г. Москва, Улица Станиславского, д. 46 кв. 399
2020-05-13 02:42:14	mp5359731499	Попова Д. Е.	+79035346408	г. Москва, Спортивная улица (посёлок Внуково), д. 52 кв. 325
2020-05-23 11:45:37	mp7404637312	Алексеева О. Д.	+79267662032	г. Москва, Улица Алымова, д. 97 кв. 131
2020-05-16 10:24:53	mp6827336764	Орлов Р. М.	+79163320435	г. Москва, Басманный тупик, д. 93 кв. 25
2020-05-05 13:23:43	mp9246203976	Тарасов С. Д.	+79261949937	г. Москва, Спортивная улица (деревня Верхнее Валуево), д. 35 кв. 64
2020-05-07 03:46:29	mp4991987236	Кузнецов П. Ж.	+79161687353	г. Москва, Бауманская улица, д. 70 кв. 349
2020-05-30 08:44:09	mp4700039000	Кузнецова С. М.	+79261844007	г. Москва, Спортивная улица, д. 94 кв. 370
2020-05-27 16:41:54	mp5122603389	Баранов М. А.	+79263283730	г. Москва, Амурский переулок, д. 20 кв. 204
2020-05-23 09:24:17	mp2780502731	Петров В. И.	+79162394592	г. Москва, 2-я Барышевская улица (город Щербинка), д. 39 кв. 151
2020-05-06 15:38:59	mp1140230287	Николаева Р. К.	+79032545536	г. Москва, Спортивная улица (город Щербинка), д. 14 кв. 224
2020-05-12 03:56:30	mp4790189820	Петров П. М.	+79035282795	г. Москва, 2-й Амбулаторный проезд, д. 12 кв. 60
2020-05-02 20:51:41	mp1936852689	Ковалёв А. Е.	+79039626805	г. Москва, Сретенский переулок, д. 10 кв. 114
2020-05-30 22:10:27	mp9138364343	Морозов Р. П.	+79268026607	г. Москва, Батайская улица, д. 38 кв. 188
2020-05-04 00:18:40	mp5301905013	Козлова Д. Н.	+79261402015	г. Москва, Улица Местечко Барыши (город Щербинка), д. 49 кв. 126
2020-05-19 18:19:32	mp7877652050	Морозова С. М.	+79263135109	г. Москва, Улица Амундсена, д. 49 кв. 255
2020-05-20 19:07:29	mp7026198436	Васильев З. Л.	+79269475641	г. Москва, Бауманская улица, д. 27 кв. 162
2020-05-12 07:02:23	mp7175774430	Козлова К. О.	+79168919720	г. Москва, Сретенский тупик, д. 43 кв. 66
2020-05-24 06:10:54	mp9603984341	Степанов П. Т.	+79169901608	г. Москва, Спортивная улица (посёлок Внуково), д. 57 кв. 304
2020-05-14 15:45:42	mp5335870292	Куликов Т. М.	+79032515980	г. Москва, Ставропольский проезд, д. 88 кв. 321
2020-05-20 11:58:18	mp6674148956	Попова Л. Ж.	+79268908958	г. Москва, Стандартная улица, д. 47 кв. 145
2020-05-16 19:34:52	mp1582935936	Ковалёв Л. М.	+79262091519	г. Москва, Ставропольская улица, д. 39 кв. 372
2020-05-22 19:59:24	mp2128048790	Козлов Е. В.	+79263328873	г. Москва, Басманный переулок, д. 28 кв. 395
2020-05-19 05:35:38	mp1629338308	Лебедева С. В.	+79036134975	г. Москва, Улица Амундсена, д. 45 кв. 301
2020-05-11 12:37:25	mp5257593473	Васильев З. Н.	+79034791273	г. Москва, Аминьевский мост, д. 55 кв. 457
2020-05-19 11:10:02	mp8692749318	Гусев Б. С.	+79266597333	г. Москва, Спортивный проезд, д. 25 кв. 272
2020-05-16 03:31:57	mp4036388255	Фёдоров А. С.	+79163281607	г. Москва, Станционная улица (поселок станции Крекшино), д. 38 кв. 59
2020-05-20 23:20:09	mp5390871988	Фёдоров З. Ж.	+79034339077	г. Москва, Улица Амундсена, д. 51 кв. 348
2020-05-18 13:43:25	mp5675790555	Семёнов Е. И.	+79169667837	г. Москва, 1-й Басманный переулок, д. 15 кв. 76
2020-05-19 03:54:43	mp1302958639	Фёдорова Г. Д.	+79035366276	г. Москва, Спортивная улица, д. 86 кв. 322
2020-05-12 12:10:39	mp4736128610	Иванов Г. Д.	+79163557715	г. Москва, Ставропольский проезд, д. 45 кв. 402
2020-05-28 20:25:51	mp4877060410	Петров Т. Д.	+79032003698	г. Москва, Староалексеевская улица, д. 95 кв. 106
2020-05-09 15:28:17	mp3894769710	Соловьёв В. Е.	+79266780412	г. Москва, Басовская улица, д. 56 кв. 58
2020-05-15 02:07:07	mp5725412528	Попов О. Р.	+79265176798	г. Москва, Барышевская улица (город Щербинка), д. 87 кв. 375
2020-05-03 02:17:35	mp6009024771	Козлов Н. Г.	+79163598605	г. Москва, Алёшкинский проезд, д. 13 кв. 160
2020-05-17 14:34:18	mp8090967747	Михайлова Н. Е.	+79262185119	г. Москва, Алёшкинский проезд, д. 90 кв. 299
2020-05-28 15:04:26	mp8370829344	Зайцев М. В.	+79267826316	г. Москва, 1-й Басманный переулок, д. 42 кв. 269
2020-05-21 23:11:13	mp8394616761	Куликов Т. Р.	+79167590233	г. Москва, 3-я Барышевская улица (город Щербинка), д. 20 кв. 103
2020-05-10 02:54:03	mp1325155192	Лебедев И. И.	+79261583707	г. Москва, Ставропольская улица, д. 97 кв. 190
2020-05-15 07:32:20	mp9852629159	Новикова М. П.	+79036660905	г. Москва, 3-я Барышевская улица (город Щербинка), д. 5 кв. 220
2020-05-20 09:18:46	mp6896058565	Новиков Н. К.	+79265230988	г. Москва, Басовская улица, д. 83 кв. 411
2020-05-10 18:34:47	mp3099666068	Баранов Ж. Ж.	+79034229385	г. Москва, Староалексеевская улица, д. 37 кв. 313
2020-05-06 17:33:30	mp7210876895	Егорова К. П.	+79035069856	г. Москва, Амбулаторный переулок, д. 7 кв. 462
2020-05-20 20:15:43	mp6729324172	Тарасов И. С.	+79265897913	г. Москва, Алёшкинский проезд, д. 41 кв. 377
2020-05-09 21:51:04	mp7804362993	Попова З. Л.	+79166646477	г. Москва, Улица Барышиха, д. 65 кв. 14
2020-05-22 10:05:26	mp4464523261	Виноградов Л. А.	+79165436190	г. Москва, Алма-Атинская улица, д. 83 кв. 304
2020-05-08 03:59:55	mp3227492691	Степанов З. Г.	+79034998508	г. Москва, Улица Станиславского, д. 64 кв. 150
2020-05-07 00:46:27	mp4904086837	Алексеева Е. М.	+79033438908	г. Москва, Улица Местечко Барыши (город Щербинка), д. 62 кв. 394
2020-05-14 02:43:30	mp5629001602	Баранов Ж. О.	+79036153660	г. Москва, Спортивная улица (дачный поселок Кокошкино), д. 31 кв. 8
2020-06-01 10:13:53	mp4741626715	Иванова Е. Г.	+79263290080	г. Москва, Ставропольский проезд, д. 42 кв. 105
2020-05-26 17:07:42	mp1360543496	Макаров П. О.	+79032373291	г. Москва, Алтайская улица, д. 100 кв. 480