client_id	phone	fio	address
m1395827402	+79291234567	Петров А.Б.	г. Москва, Улица Ленина, д. 1 кв. 23
m2284039583	+79297654321	Иванов В.Г.	\N
m3049382749	+79164039250	Сергеева В.В.	г. Москва, Улица Пушкина, д. 5 кв. 11
m6499113793	+79164559537	Андреев Е. А.	г. Москва, Спортивная улица, д. 19 кв. 127
m3797725890	+79267681611	Гусев О. Р.	г. Москва, Бауманская улица, д. 19 кв. 382
m4044840314	+79264248306	Волков П. З.	г. Москва, Алтайская улица, д. 67 кв. 225
m3665791713	+79267497729	Михайлова О. С.	г. Москва, Спокойная улица (деревня Ожигово), д. 60 кв. 50
m9849662126	+79163160514	Фёдоров . И.	г. Москва, Аминьевский мост, д. 41 кв. 160
m8381154247	+79267157887	Гусев А. О.	г. Москва, 3-я Барышевская улица (город Щербинка), д. 38 кв. 393
m3806153775	+79262228219	Белов М. П.	г. Москва, 2-я Барышевская улица (город Щербинка), д. 89 кв. 408
m2627954599	+79264712895	Семёнов . Е.	г. Москва, 2-я Бауманская улица, д. 27 кв. 457
m1903152197	+79033676781	Беляев Д. М.	г. Москва, Аминьевский мост, д. 23 кв. 288
m6818240056	+79267683228	Кузьмин В. Е.	г. Москва, 2-я Барышевская улица (город Щербинка), д. 6 кв. 10
m7858752560	+79162276639	Павлова С. А.	г. Москва, Станционная улица (поселок станции Крекшино), д. 7 кв. 225
m8858291544	+79261603874	Ильин Г. Г.	г. Москва, Старобитцевская улица, д. 21 кв. 266
m5954784771	+79033489671	Макаров А. Г.	г. Москва, Спортивная улица (деревня Верхнее Валуево), д. 27 кв. 269
m7968719863	+79168214996	Титов А. В.	г. Москва, Спортивная улица (дачный поселок Кокошкино), д. 15 кв. 181
m8221098579	+79161377315	Петрова Е. Н.	г. Москва, Спокойная улица (деревня Ожигово), д. 26 кв. 75
m1508734406	+79166444320	Степанова К. О.	г. Москва, Басманный переулок, д. 81 кв. 240
m6106263480	+79037050011	Виноградов Н. З.	г. Москва, Средний проезд (хутор Брехово), д. 11 кв. 241
m5821665594	+79161348475	Михайлова . И.	г. Москва, Батайская улица, д. 16 кв. 17
m5589174211	+79035948546	Воробьёв А. К.	\N
m5978778380	+79164891090	Михайлов Ж. Е.	г. Москва, Стандартная улица, д. 19 кв. 191
m5760952817	+79038535498	Тарасов Е. П.	г. Москва, 1-й Амбулаторный проезд, д. 57 кв. 49
m5001186730	+79035613925	Куликов З. Е.	г. Москва, Старая площадь, д. 83 кв. 98
m8539570796	+79034898258	Михайлова Ж. Д.	г. Москва, Амурская улица, д. 12 кв. 396
m4773699305	+79164208381	Семёнов Д. Н.	г. Москва, Спортивная улица, д. 71 кв. 334
m1524859392	+79266230249	Степанов З. Ж.	г. Москва, Алтуфьевское шоссе, д. 59 кв. 104
m8106179668	+79265014644	Степанов Л. М.	\N
m3112155040	+79169274974	Петров Ж. Е.	г. Москва, Улица Сретенка, д. 17 кв. 395
m2371674247	+79267153480	Смирнов Б. П.	г. Москва, Спортивная улица, д. 52 кв. 91
m9383753533	+79268669209	Баранов З. .	г. Москва, Барыковский переулок, д. 27 кв. 407
m2202569791	+79036271432	Смирнов Б. Н.	г. Москва, Спортивная улица, д. 82 кв. 45
m9144799726	+79167203300	Алексеев Г. Г.	г. Москва, Спортивная улица (город Троицк), д. 60 кв. 113
m6098827371	+79262394270	Алексеева С. П.	г. Москва, Алма-Атинская улица, д. 2 кв. 343
m2656477140	+79163101824	Николаева К. З.	г. Москва, 1-й Амбулаторный проезд, д. 99 кв. 480
m5228963020	+79168101033	Павлова Г. О.	г. Москва, 3-я Барышевская улица (город Щербинка), д. 44 кв. 473
m1005673246	+79266004268	Киселёв Н. Д.	\N
m2649577285	+79263491176	Кузьмин Д. О.	г. Москва, Улица Барышиха, д. 81 кв. 260
m5781134689	+79165610626	Макаров Е. Ж.	г. Москва, Спортивная улица (деревня Крекшино), д. 17 кв. 298
m2864352914	+79168781000	Степанов Р. З.	\N
m8049570743	+79163934926	Николаева Г. И.	г. Москва, Староалексеевская улица, д. 18 кв. 101
m3259600947	+79267507369	Соловьёв Р. И.	г. Москва, Амбулаторный переулок, д. 6 кв. 324
m7623073463	+79263719474	Голубев Ж. Е.	г. Москва, 1-я Барышевская улица (город Щербинка), д. 84 кв. 349
m2166947340	+79034482152	Степанова Л. П.	\N
m2853363319	+79269130901	Кузьмин С. Р.	г. Москва, Амурский переулок, д. 84 кв. 10
m1054304730	+79034607151	Воробьёв З. С.	г. Москва, Средний проезд (хутор Брехово), д. 6 кв. 267
m9321146463	+79035993524	Козлова Д. М.	г. Москва, Амурский переулок, д. 67 кв. 431
m4306863126	+79165585194	Козлов А. Н.	г. Москва, Барыковский переулок, д. 75 кв. 256
m6026613252	+79265316931	Смирнов С. А.	г. Москва, Станционная улица (поселок станции Крекшино), д. 93 кв. 315
m3998087336	+79032001111	Степанов . Б.	г. Москва, 2-й Амбулаторный проезд, д. 16 кв. 171
m9204788860	+79162268493	Степанова Л. Д.	г. Москва, Стандартная улица, д. 49 кв. 459
m8883229933	+79039915418	Ковалёв Г. Л.	г. Москва, Аминьевский мост, д. 20 кв. 329
m3801028123	+79264889081	Михайлова Г. А.	г. Москва, Алымов переулок, д. 79 кв. 450
m1142175514	+79262346590	Титов П. П.	г. Москва, 2-я Бауманская улица, д. 94 кв. 286
m4613366692	+79036686201	Васильев А. С.	г. Москва, Площадь Амилкара Кабрала, д. 56 кв. 401
m5698217726	+79266476120	Воробьёв И. К.	г. Москва, Улица Барышиха, д. 79 кв. 115
m2256363724	+79266828069	Кузнецов . .	г. Москва, Средний проезд (хутор Брехово), д. 8 кв. 310
m5705001881	+79162093232	Семёнова О. Р.	г. Москва, Амурская улица, д. 73 кв. 112
m7847586595	+79269306901	Васильева О. А.	г. Москва, Аминьевский мост, д. 55 кв. 290
m7712721670	+79167162954	Козлов Р. П.	г. Москва, Барышевская улица (город Щербинка), д. 81 кв. 461
m3188933036	+79269892224	Степанов С. В.	г. Москва, Басманный переулок, д. 96 кв. 70
m7611549945	+79161010419	Козлова О. Г.	г. Москва, Улица Сретенка, д. 32 кв. 211
m6925728801	+79261371232	Андреев А. Е.	г. Москва, Барышевская улица (город Щербинка), д. 49 кв. 417
m6427322506	+79169121164	Богданов З. К.	г. Москва, Улица Бахрушина, д. 54 кв. 3
m3488239046	+79037237038	Ковалёв Е. П.	г. Москва, Басманный переулок, д. 82 кв. 259
m5231373071	+79164962088	Иванова Е. В.	г. Москва, Улица Барышиха, д. 98 кв. 90
m2483115595	+79263406651	Голубев А. А.	г. Москва, 2-я Бауманская улица, д. 66 кв. 364
m2314657572	+79263599108	Волкова Д. И.	г. Москва, Улица Бахрушина, д. 81 кв. 254
m3009362212	+79035644424	Васильева Р. П.	г. Москва, Аминьевский мост, д. 6 кв. 230
m6353471976	+79039689746	Михайлова Д. К.	\N
m3367426690	+79039895025	Михайлова Б. Ж.	г. Москва, Алма-Атинская улица, д. 92 кв. 178
m9866205876	+79265264240	Волкова К. П.	г. Москва, Спортивная улица (дачный поселок Кокошкино), д. 34 кв. 496
m2204418237	+79034799290	Козлова К. Б.	г. Москва, Староалексеевская улица, д. 43 кв. 463
m8398658265	+79034797622	Виноградов А. М.	г. Москва, Спортивный проезд, д. 91 кв. 44
m8601408300	+79267372547	Степанова М. И.	г. Москва, Басманный тупик, д. 74 кв. 456
m2502302895	+79264903948	Лебедев И. А.	г. Москва, Сретенский бульвар, д. 2 кв. 144
m6094314865	+79033634536	Баранов З. Л.	г. Москва, 1-й Басманный переулок, д. 96 кв. 268
m6053355540	+79168954549	Новикова З. А.	г. Москва, 1-я Барышевская улица (город Щербинка), д. 26 кв. 7
m9631807517	+79263615379	 С. Р.	\N
m4351747838	+79036318290	Виноградов П. А.	г. Москва, 1-я Барышевская улица (город Щербинка), д. 98 кв. 407
m6218288476	+79035318478	Попова М. А.	г. Москва, Старобитцевская улица, д. 83 кв. 459
m2831857545	+79033391545	Михайлов К. Г.	г. Москва, Ставропольский проезд, д. 27 кв. 191
m6786323086	+79268874224	 Е. Л.	г. Москва, Спортивный проезд, д. 67 кв. 125
m9582291426	+79034387682	Алексеев Л. Д.	г. Москва, 2-я Бауманская улица, д. 54 кв. 346
m5308297082	+79168837171	Фёдорова М. С.	г. Москва, Спортивная улица (деревня Верхнее Валуево), д. 15 кв. 40
m1608766664	+79162236674	Беляев Д. Е.	г. Москва, Барышевская улица (город Щербинка), д. 51 кв. 289
m9951343930	+79165545620	Киселёв Д. З.	г. Москва, Старобитцевская улица, д. 12 кв. 300
m4226341536	+79261897742	Иванова Н. Д.	\N
m2395355487	+79032337736	Голубев С. Л.	г. Москва, Амбулаторный переулок, д. 73 кв. 121
m1340130890	+79036961286	Зайцев Б. О.	г. Москва, Площадь Амилкара Кабрала, д. 27 кв. 51
m3105803840	+79037420008	Козлова И. А.	г. Москва, Староваганьковский переулок, д. 69 кв. 181
m7278043136	+79267681784	Комаров С. И.	г. Москва, Барыковский переулок, д. 10 кв. 60
m6867308236	+79036957026	Смирнова П. А.	г. Москва, Басманный переулок, д. 27 кв. 275
m8732502331	+79165797849	Воробьёв Ж. К.	г. Москва, Улица Барышиха, д. 24 кв. 300
m9321765706	+79168132602	Михайлова Д. Е.	г. Москва, Спортивная улица (город Троицк), д. 9 кв. 38
m8088963093	+79169921317	Зайцев А. Б.	г. Москва, Спортивная улица (посёлок Внуково), д. 24 кв. 384
m4886914741	+79169770396	Алексеев М. А.	г. Москва, Улица Станиславского, д. 97 кв. 168
m3804714245	+79038247024	Иванов Д. Л.	г. Москва, Аминьевское шоссе, д. 17 кв. 32
m4703918402	+79168512552	Богданов Б. .	г. Москва, Спортивный проезд, д. 32 кв. 23
m2384525810	+79168567006	Смирнова З. Д.	г. Москва, Улица Сретенка, д. 76 кв. 216
m4847411785	+79038039539	Семёнова К. М.	г. Москва, Барышевская улица (город Щербинка), д. 29 кв. 425
m4972817237	+79035790008	Воробьёв . Ж.	г. Москва, Сретенский тупик, д. 25 кв. 439
m8016248528	+79033798942	Морозова П. Б.	г. Москва, Стандартная улица, д. 50 кв. 434
m7080803384	+79034413841	Комаров Г. М.	г. Москва, Спортивная улица (деревня Крекшино), д. 93 кв. 178
m9079149964	+79267010349	Кузнецова К. П.	г. Москва, Батайский проезд, д. 76 кв. 464
m2547577145	+79035476105	Ковалёв . О.	г. Москва, Батайская улица, д. 13 кв. 41
m8392793622	+79166439424	Фёдоров Б. О.	г. Москва, Басманный переулок, д. 12 кв. 74
m7301330272	+79165518505	Павлов И. Л.	г. Москва, Сретенский бульвар, д. 6 кв. 235
m4014342500	+79038322198	Попов П. Л.	г. Москва, Анадырский проезд, д. 16 кв. 6
m5518393318	+79161111068	Кузнецов . Р.	г. Москва, Алтайская улица, д. 5 кв. 107
m5831301337	+79264032980	Баранов . А.	г. Москва, Улица Сталеваров, д. 15 кв. 452
m7394491536	+79266705272	Ковалёв А. Н.	\N
m5063551740	+79267247861	Козлова Л. Л.	г. Москва, Староваганьковский переулок, д. 99 кв. 200
m5791033144	+79266018565	Иванова Л. В.	г. Москва, 1-й Басманный переулок, д. 6 кв. 297
m3645458818	+79161153133	Соколов Л. З.	г. Москва, 3-я Барышевская улица (город Щербинка), д. 9 кв. 213
m3113273013	+79265904488	Новикова . Л.	г. Москва, Улица Станиславского, д. 71 кв. 345
m7197597707	+79032939232	Михайлов В. Е.	г. Москва, Алтайская улица, д. 13 кв. 242
m1323293856	+79269942230	Титов Р. С.	г. Москва, Улица Алымова, д. 86 кв. 327
m6752985781	+79038948856	Лебедев . О.	\N
m4533236224	+79162988241	Васильева Г. А.	г. Москва, Амбулаторный переулок, д. 33 кв. 154
m5115081653	+79032490229	Егорова Е. К.	г. Москва, Барышевская улица (город Щербинка), д. 6 кв. 434
m9857179211	+79036255324	Лебедева Д. В.	г. Москва, Алтуфьевское шоссе, д. 9 кв. 352
m5597848040	+79034038703	Ильин С. И.	г. Москва, Стандартная улица, д. 77 кв. 406
m2421570823	+79169370216	Семёнов З. Г.	г. Москва, Амбулаторный переулок, д. 28 кв. 421
m3616463739	+79266191667	Зайцев Д. К.	г. Москва, Батайский проезд, д. 11 кв. 408
m5413102384	+79165483358	Воробьёв А. Р.	г. Москва, 2-й Амбулаторный проезд, д. 82 кв. 449
m1077299023	+79262220828	Васильев П. Ж.	г. Москва, Бауманская улица, д. 29 кв. 320
m7323617937	+79265049437	Комаров Р. .	г. Москва, Улица Бахрушина, д. 39 кв. 119
m1454059110	+79033652251	Иванова К. В.	г. Москва, Батайская улица, д. 76 кв. 42
m6015450136	+79036637462	Алексеева М. Г.	\N
m9712719940	+79038333384	Фёдоров Р. Н.	г. Москва, Спортивная улица (деревня Верхнее Валуево), д. 88 кв. 78
m9384442343	+79038213407	Волкова Е. Б.	г. Москва, Алымов переулок, д. 57 кв. 183
m3010197500	+79166927350	Баранов О. К.	г. Москва, Сретенский тупик, д. 58 кв. 84
m3649149894	+79034140649	Попов М. .	г. Москва, Средний проезд (хутор Брехово), д. 23 кв. 235
m8140764106	+79266902190	Соловьёв З. Ж.	г. Москва, Улица Сталеваров, д. 10 кв. 325
m5610551573	+79164378769	Васильева П. З.	г. Москва, Улица Алымова, д. 83 кв. 422
m4294006537	+79166463279	Макаров Н. Р.	г. Москва, Спокойная улица (деревня Ожигово), д. 33 кв. 398
m9076721691	+79032508541	Воробьёв Ж. Л.	г. Москва, Улица Амундсена, д. 84 кв. 58
m5585913782	+79264247798	Егорова Д. О.	г. Москва, Старая Басманная улица, д. 19 кв. 115
m3636607851	+79261202058	Новиков Д. П.	г. Москва, Улица Сретенка, д. 37 кв. 302
m7856387837	+79037451942	Кузнецов Е. Б.	г. Москва, Улица Сретенка, д. 30 кв. 340
m9870637716	+79161627754	Соколова Д. Н.	г. Москва, 2-я Барышевская улица (город Щербинка), д. 48 кв. 100
m5068931236	+79038587206	Михайлова Н. З.	г. Москва, Аминьевское шоссе, д. 100 кв. 162
m5752375956	+79168875191	Павлова А. С.	г. Москва, Станционная улица, д. 66 кв. 402
m2232643830	+79165495786	Андреев Н. О.	г. Москва, 2-я Бауманская улица, д. 39 кв. 33
m8046557446	+79168830547	Попова С. Б.	г. Москва, Ставропольская улица, д. 48 кв. 131
m8088314550	+79165017959	Зайцев А. Д.	г. Москва, Амурская улица, д. 63 кв. 228
m5019393994	+79268636212	Кузнецов А. И.	г. Москва, Улица Станиславского, д. 75 кв. 465
m4804421692	+79168623589	Волкова В. М.	\N
m4273209764	+79166448328	Павлов И. Н.	г. Москва, Улица Сретенка, д. 20 кв. 112
m2922882947	+79037371554	Лебедева Ж. В.	г. Москва, Улица Местечко Барыши (город Щербинка), д. 19 кв. 84
m7448731016	+79161607172	Новикова Б. С.	г. Москва, Басманный тупик, д. 81 кв. 279
m2378496928	+79161489711	Гусев Б. А.	г. Москва, Улица Сретенка, д. 58 кв. 112
m7220312967	+79161143573	Голубев Н. Р.	\N
m8484487241	+79165248017	 Д. И.	г. Москва, Барыковский переулок, д. 75 кв. 330
m8772557483	+79269510266	Зайцев Ж. Е.	г. Москва, Улица Амундсена, д. 53 кв. 17
m4106016674	+79034505598	Степанов Ж. Р.	г. Москва, Средний проезд (хутор Брехово), д. 1 кв. 307
m3046552605	+79266585191	Белов С. Д.	г. Москва, Староваганьковский переулок, д. 43 кв. 25
m1728772192	+79163996286	Ковалёв М. Е.	г. Москва, Средний проезд (хутор Брехово), д. 79 кв. 497
m6576331926	+79036824479	Андреев Н. В.	г. Москва, Батайский проезд, д. 33 кв. 476
m1649614948	+79034864590	Ковалёв П. Р.	\N
m9285122056	+79163600316	Алексеев Д. Д.	г. Москва, Улица Местечко Барыши (город Щербинка), д. 79 кв. 74
m5514472592	+79264690739	Смирнова С. Л.	г. Москва, Амурский переулок, д. 98 кв. 238
m1736109883	+79263497392	Соколова Г. Б.	г. Москва, Старая площадь, д. 75 кв. 141
m1301377399	+79162223450	Гусев А. .	г. Москва, Улица Алымова, д. 80 кв. 231
m4477960960	+79262297479	Попов Е. К.	г. Москва, Сретенский тупик, д. 54 кв. 282
m5567181544	+79261005007	Кузнецова Л. Р.	г. Москва, 2-я Барышевская улица (город Щербинка), д. 17 кв. 195
m8666120630	+79263371039	Попов А. М.	\N
m7431202971	+79265903479	Комаров К. И.	г. Москва, Спортивная улица (деревня Крекшино), д. 54 кв. 200
m9894189403	+79165174634	Смирнов О. З.	г. Москва, Старая площадь, д. 65 кв. 100
m1256640767	+79034840698	Баранов Р. Ж.	г. Москва, Алтайская улица, д. 32 кв. 208
m3152929977	+79036514878	Попова И. К.	г. Москва, Спортивная улица, д. 48 кв. 438
m5000647618	+79166696834	Попова Б. И.	\N
m8515951390	+79032694856	Степанова В. З.	г. Москва, Улица Бахрушина, д. 15 кв. 452
m4579980925	+79264075841	Кузьмин . В.	г. Москва, Басовская улица, д. 92 кв. 124
m3175074063	+79165381323	Кузьмин С. Г.	г. Москва, Басманный тупик, д. 43 кв. 240
m5374964670	+79262967580	Лебедев О. Л.	г. Москва, Батайская улица, д. 21 кв. 471
m4788128081	+79261602810	Степанов О. З.	г. Москва, Спортивная улица (дачный поселок Кокошкино), д. 92 кв. 343
m1177850584	+79164408397	Петров М. З.	г. Москва, Басовская улица, д. 24 кв. 233
m6614692961	+79264197063	Иванова Б. З.	г. Москва, Бауманская улица, д. 75 кв. 429
m4401648392	+79167760189	Фёдорова М. В.	\N
m4047277291	+79165923171	Кузьмин Г. Л.	г. Москва, Сретенский тупик, д. 29 кв. 221
m3548493531	+79032552685	Киселёв Л. М.	\N
m6206937521	+79266698162	Титов С. К.	\N
m7152218922	+79032491393	Егорова Р. К.	\N
m9879874883	+79262787530	Морозова А. К.	\N
m4387493526	+79166386143	Егорова Ж. Б.	г. Москва, Спортивная улица (дачный поселок Кокошкино), д. 25 кв. 32
m8019282967	+79165117368	Киселёв И. Л.	г. Москва, 1-й Амбулаторный проезд, д. 72 кв. 221
m5914834020	+79034600675	Новиков . М.	\N
m9411734834	+79268827645	Петрова Ж. .	г. Москва, Алымов переулок, д. 53 кв. 199
m6783830802	+79268991836	Петров А. И.	г. Москва, Улица Алябьева, д. 30 кв. 351
m2197953954	+79037321275	Петрова И. Г.	\N
m8431501913	+79264155063	Киселёв П. Ж.	г. Москва, Улица Алымова, д. 51 кв. 142
m5403145208	+79263557784	Фёдорова . В.	г. Москва, 1-й Амбулаторный проезд, д. 15 кв. 161
m3707395879	+79264832598	Кузнецов Л. А.	г. Москва, Площадь Амилкара Кабрала, д. 41 кв. 367
m7878922691	+79262659623	Кузнецова Л. П.	г. Москва, Аминьевский мост, д. 65 кв. 99
m3593273540	+79034822843	Иванов Н. Г.	г. Москва, Алёшкинский проезд, д. 97 кв. 137
m5799022775	+79033899222	Лебедев Н. М.	г. Москва, Амурская улица, д. 63 кв. 112